Time;Evaluaciones
6.546652;33415
14.607866;103320
8.613147;30545
16.818874;103320
14.252732;103320
7.294083;36490
16.99929;103320
16.347706;103320
6.394654;32800
6.282784;33825
7.06928;34645
13.89486;103320
19.420548;103320
6.078841;30750
6.047511;31570
6.166247;30955
6.973761;35055
14.025275;103320
8.740621;32800
6.522643;32800
15.521883;103320
15.835176;103320
13.97153;103320
7.787697;33825
14.628498;103320
6.055865;32595
6.309589;33210
14.073497;103320
6.615922;33415
18.548721;103320
