Time;Evaluaciones
6.296043;31980
8.985253;30545
28.365551;103320
28.027372;103320
25.28611;103320
24.729614;103320
7.916006;29930
27.814607;103320
5.947016;29520
7.227417;36080
7.587464;39360
6.495728;31775
8.716932;32185
6.621499;32390
5.390071;28495
22.409161;103320
6.427316;31980
6.572726;33210
26.055976;103320
5.2917;26855
5.299675;28290
23.648373;103320
10.337607;38540
24.724398;103320
5.725389;29315
5.902287;29315
29.640835;103320
28.08495;103320
32.266008;103320
7.192406;37720
