Time;Evaluaciones
6.700035;32185
41.46681;103320
5.804788;27880
7.159574;35670
5.40955;29110
6.53039;32800
5.740344;29110
6.157881;30340
43.268543;103320
43.127785;103320
5.950538;29110
6.25817;28700
5.22585;26035
44.128674;103320
5.805908;27470
40.94872;103320
38.575074;103320
40.621904;103320
6.370124;32185
6.953148;35875
44.932167;103320
5.957751;31365
5.927999;30340
47.475491;103320
37.588212;103320
38.984572;103320
43.743453;103320
36.696153;103320
5.226913;27265
9.296232;32595
